{
  "summary": {
    "successRate": 1.0,
    "total": 30.002754683,
    "slowest": 0.037046849,
    "fastest": 0.000010062,
    "average": 0.0002535102608584085,
    "requestsPerSec": 785059.846966186,
    "totalData": 123,
    "sizePerRequest": 0,
    "sizePerSec": 4.099623561222317
  },
  "responseTimeHistogram": {
    "0.000010062": 1,
    "0.0037137407": 23551402,
    "0.0074174194": 2335,
    "0.011121098099999999": 18,
    "0.0148247768": 8,
    "0.018528455500000002": 0,
    "0.0222321342": 0,
    "0.0259358129": 0,
    "0.0296394916": 0,
    "0.033343170299999995": 0,
    "0.037046849": 6
  },
  "latencyPercentiles": {
    "p10": 0.000123244,
    "p25": 0.000163585,
    "p50": 0.000229565,
    "p75": 0.000317255,
    "p90": 0.00041093,
    "p95": 0.000477235,
    "p99": 0.000648305,
    "p99.9": 0.000988766,
    "p99.99": 0.003720066
  },
  "firstByteHistogram": {
    "0.000375349": 1,
    "0.00040875359999999997": 0,
    "0.00044215819999999996": 0,
    "0.0004755628": 0,
    "0.0005089674000000001": 0,
    "0.000542372": 0,
    "0.0005757766": 1,
    "0.0006091812": 0,
    "0.0006425858": 0,
    "0.0006759904": 0,
    "0.000709395": 1
  },
  "firstBytePercentiles": {
    "p10": 0.000375349,
    "p25": 0.000375349,
    "p50": 0.000550129,
    "p75": 0.000709395,
    "p90": 0.000709395,
    "p95": 0.000709395,
    "p99": 0.000709395,
    "p99.9": 0.000709395,
    "p99.99": 0.000709395
  },
  "rps": {
    "mean": 785096.4183305033,
    "stddev": 44040.81881937883,
    "max": 911579.0341222369,
    "min": 416516.8272799655,
    "percentiles": {
      "p10": 737263.2571873468,
      "p25": 763738.2632869846,
      "p50": 788288.0517754041,
      "p75": 812357.3524290822,
      "p90": 833258.0780880554,
      "p95": 844635.305755794,
      "p99": 865192.8413704436,
      "p99.9": 902122.9145720651,
      "p99.99": 911579.0341222369
    }
  },
  "details": {
    "DNSDialup": {
      "average": 0.0012625776399999996,
      "fastest": 0.000054029,
      "slowest": 0.036614332
    },
    "DNSLookup": {
      "average": 1.7547550000000004e-6,
      "fastest": 3.8e-7,
      "slowest": 0.000025018
    },
    "firstByte": {
      "average": 0.0005449576666666666,
      "fastest": 0.000375349,
      "slowest": 0.000709395
    }
  },
  "statusCodeDistribution": {
    "200": 3,
    "429": 23553767
  },
  "errorDistribution": {
    "aborted due to deadline": 188
  }
}