{
  "summary": {
    "successRate": 1.0,
    "total": 30.002155892,
    "slowest": 0.012452314,
    "fastest": 0.00001064,
    "average": 0.00017575492252914647,
    "requestsPerSec": 564387.7080351782,
    "totalData": 123,
    "sizePerRequest": 0,
    "sizePerSec": 4.099705382598777
  },
  "responseTimeHistogram": {
    "0.00001064": 1,
    "0.0012548074": 16930997,
    "0.0024989748000000004": 529,
    "0.0037431422000000006": 379,
    "0.004987309600000001": 296,
    "0.006231477000000001": 76,
    "0.007475644400000001": 100,
    "0.008719811800000001": 130,
    "0.0099639792": 115,
    "0.0112081466": 91,
    "0.012452314": 42
  },
  "latencyPercentiles": {
    "p10": 0.000093885,
    "p25": 0.000126896,
    "p50": 0.000167604,
    "p75": 0.0002159,
    "p90": 0.000265434,
    "p95": 0.000298049,
    "p99": 0.000367997,
    "p99.9": 0.000490618,
    "p99.99": 0.001307357
  },
  "firstByteHistogram": {
    "0.00042471": 1,
    "0.0004601345": 1,
    "0.000495559": 0,
    "0.0005309835": 0,
    "0.000566408": 0,
    "0.0006018325": 0,
    "0.000637257": 0,
    "0.0006726815": 0,
    "0.000708106": 0,
    "0.0007435305": 0,
    "0.000778955": 1
  },
  "firstBytePercentiles": {
    "p10": 0.00042471,
    "p25": 0.00042471,
    "p50": 0.000456543,
    "p75": 0.000778955,
    "p90": 0.000778955,
    "p95": 0.000778955,
    "p99": 0.000778955,
    "p99.9": 0.000778955,
    "p99.99": 0.000778955
  },
  "rps": {
    "mean": 564386.687829565,
    "stddev": 26654.99492306437,
    "max": 634477.0255108594,
    "min": 308303.00403368816,
    "percentiles": {
      "p10": 535605.8916648315,
      "p25": 552438.6154593853,
      "p50": 568307.7858167163,
      "p75": 581239.4080317303,
      "p90": 592388.799080976,
      "p95": 598048.256162659,
      "p99": 609939.2800897588,
      "p99.9": 624804.4361115438,
      "p99.99": 634477.0255108594
    }
  },
  "details": {
    "DNSDialup": {
      "average": 0.00011940384000000004,
      "fastest": 0.000035188,
      "slowest": 0.000383122
    },
    "DNSLookup": {
      "average": 2.998439999999999e-6,
      "fastest": 3.84e-7,
      "slowest": 0.000027537
    },
    "firstByte": {
      "average": 0.0005534026666666667,
      "fastest": 0.00042471,
      "slowest": 0.000778955
    }
  },
  "statusCodeDistribution": {
    "200": 3,
    "429": 16932753
  },
  "errorDistribution": {
    "aborted due to deadline": 92
  }
}