{
  "summary": {
    "successRate": 1.0,
    "total": 30.002623303,
    "slowest": 0.000993814,
    "fastest": 0.000014541,
    "average": 0.00007600198685109015,
    "requestsPerSec": 128506.62960576784,
    "totalData": 12832508,
    "sizePerRequest": 3,
    "sizePerSec": 427712.8659851841
  },
  "responseTimeHistogram": {
    "0.000014541": 1,
    "0.00011246829999999999": 3347361,
    "0.00021039559999999998": 467033,
    "0.0003083229": 39540,
    "0.0004062502": 1385,
    "0.0005041774999999999": 165,
    "0.0006021048": 22,
    "0.0007000320999999999": 14,
    "0.0007979593999999999": 7,
    "0.0008958867": 1,
    "0.000993814": 1
  },
  "latencyPercentiles": {
    "p10": 0.00003598,
    "p25": 0.000048726,
    "p50": 0.000067961,
    "p75": 0.00009391,
    "p90": 0.000121534,
    "p95": 0.000149785,
    "p99": 0.000212475,
    "p99.9": 0.000277277,
    "p99.99": 0.000374768
  },
  "firstByteHistogram": {
    "0.00004972": 1,
    "0.0001247928": 60096,
    "0.0001998656": 201670,
    "0.0002749384": 47608,
    "0.0003500112": 3061,
    "0.000425084": 440,
    "0.0005001568": 86,
    "0.0005752296": 16,
    "0.0006503024": 1,
    "0.0007253752": 4,
    "0.0008004479999999999": 5
  },
  "firstBytePercentiles": {
    "p10": 0.000111669,
    "p25": 0.000131131,
    "p50": 0.000155163,
    "p75": 0.000184647,
    "p90": 0.000216114,
    "p95": 0.000236361,
    "p99": 0.000279385,
    "p99.9": 0.000376582,
    "p99.99": 0.000482992
  },
  "rps": {
    "mean": 128500.60728100273,
    "stddev": 30694.00531550063,
    "max": 154031.52752134652,
    "min": 51611.125631621406,
    "percentiles": {
      "p10": 61905.30091686149,
      "p25": 137136.03935113,
      "p50": 141621.15820100275,
      "p75": 144705.5856355824,
      "p90": 147119.30205243532,
      "p95": 148484.08653820382,
      "p99": 151033.43880334424,
      "p99.9": 153460.97004338945,
      "p99.99": 154031.52752134652
    }
  },
  "details": {
    "DNSDialup": {
      "average": 0.0000748682,
      "fastest": 0.000055426,
      "slowest": 0.000101068
    },
    "DNSLookup": {
      "average": 0.000012841100000000001,
      "fastest": 0.000010213,
      "slowest": 0.000016236
    },
    "firstByte": {
      "average": 0.000160419958020757,
      "fastest": 0.00004972,
      "slowest": 0.000800448
    }
  },
  "statusCodeDistribution": {
    "200": 312988,
    "429": 3542542
  },
  "errorDistribution": {
    "aborted due to deadline": 6
  }
}