{
  "summary": {
    "successRate": 1.0,
    "total": 30.006414014,
    "slowest": 0.01869423,
    "fastest": 9.139e-6,
    "average": 0.00011045625144077761,
    "requestsPerSec": 446403.4587322014,
    "totalData": 123,
    "sizePerRequest": 0,
    "sizePerSec": 4.099123605460228
  },
  "responseTimeHistogram": {
    "0.000009139": 1,
    "0.0018776481": 13394511,
    "0.0037461572": 137,
    "0.0056146663": 48,
    "0.0074831754": 80,
    "0.0093516845": 33,
    "0.0112201936": 0,
    "0.0130887027": 26,
    "0.0149572118": 47,
    "0.016825720899999997": 27,
    "0.01869423": 13
  },
  "latencyPercentiles": {
    "p10": 0.000061464,
    "p25": 0.000082519,
    "p50": 0.00010598,
    "p75": 0.000134078,
    "p90": 0.000163307,
    "p95": 0.000182425,
    "p99": 0.00022276,
    "p99.9": 0.000289789,
    "p99.99": 0.000422505
  },
  "firstByteHistogram": {
    "0.000330204": 1,
    "0.00034481700000000003": 0,
    "0.00035943": 0,
    "0.000374043": 0,
    "0.00038865600000000003": 0,
    "0.00040326900000000004": 0,
    "0.000417882": 0,
    "0.000432495": 0,
    "0.000447108": 1,
    "0.000461721": 0,
    "0.000476334": 1
  },
  "firstBytePercentiles": {
    "p10": 0.000330204,
    "p25": 0.000330204,
    "p50": 0.000442624,
    "p75": 0.000476334,
    "p90": 0.000476334,
    "p95": 0.000476334,
    "p99": 0.000476334,
    "p99.9": 0.000476334,
    "p99.99": 0.000476334
  },
  "rps": {
    "mean": 446481.07930283516,
    "stddev": 13855.505072479034,
    "max": 483177.6644272098,
    "min": 292573.4359324207,
    "percentiles": {
      "p10": 432172.6914468139,
      "p25": 439477.32910229784,
      "p50": 447115.067777849,
      "p75": 455012.7976724289,
      "p90": 461403.96807421773,
      "p95": 465499.8071428661,
      "p99": 472676.6208802971,
      "p99.9": 480126.0433412402,
      "p99.99": 483177.6644272098
    }
  },
  "details": {
    "DNSDialup": {
      "average": 0.00006812558,
      "fastest": 0.000030382,
      "slowest": 0.000177215
    },
    "DNSLookup": {
      "average": 4.82986e-6,
      "fastest": 4.37e-7,
      "slowest": 0.00002592
    },
    "firstByte": {
      "average": 0.00041638733333333337,
      "fastest": 0.000330204,
      "slowest": 0.000476334
    }
  },
  "statusCodeDistribution": {
    "200": 3,
    "429": 13394920
  },
  "errorDistribution": {
    "aborted due to deadline": 44
  }
}