{
  "summary": {
    "successRate": 1.0,
    "total": 30.001157262,
    "slowest": 0.001040278,
    "fastest": 0.000067366,
    "average": 0.0000908265999367451,
    "requestsPerSec": 10855.314585231083,
    "totalData": 13352511,
    "sizePerRequest": 41,
    "sizePerSec": 445066.5313805254
  },
  "responseTimeHistogram": {
    "0.000067366": 1,
    "0.00016465719999999998": 321987,
    "0.0002619484": 3332,
    "0.0003592396": 317,
    "0.00045653079999999997": 26,
    "0.0005538219999999999": 4,
    "0.0006511132": 1,
    "0.0007484044": 1,
    "0.0008456955999999999": 1,
    "0.0009429867999999999": 0,
    "0.0010402779999999997": 1
  },
  "latencyPercentiles": {
    "p10": 0.000078831,
    "p25": 0.000080496,
    "p50": 0.000083465,
    "p75": 0.000091185,
    "p90": 0.000114978,
    "p95": 0.000130938,
    "p99": 0.000167946,
    "p99.9": 0.000266145,
    "p99.99": 0.000361198
  },
  "firstByteHistogram": {
    "0.000067206": 1,
    "0.0001644811": 322018,
    "0.0002617562": 3301,
    "0.0003590313": 318,
    "0.0004563064": 25,
    "0.0005535815": 4,
    "0.0006508566": 1,
    "0.0007481317": 1,
    "0.0008454068": 1,
    "0.0009426819": 0,
    "0.001039957": 1
  },
  "firstBytePercentiles": {
    "p10": 0.000078683,
    "p25": 0.000080346,
    "p50": 0.000083308,
    "p75": 0.000090994,
    "p90": 0.000114726,
    "p95": 0.000130657,
    "p99": 0.00016762,
    "p99.9": 0.000265732,
    "p99.99": 0.000360651
  },
  "rps": {
    "mean": 10855.293396659292,
    "stddev": 691.4438663680262,
    "max": 12015.289455836466,
    "min": 100.54914917821925,
    "percentiles": {
      "p10": 10122.21319685923,
      "p25": 10711.610314419773,
      "p50": 11026.925546801116,
      "p75": 11239.574541964565,
      "p90": 11411.561052504338,
      "p95": 11514.097861420356,
      "p99": 11691.216036639958,
      "p99.9": 11803.191583002092,
      "p99.99": 12015.289455836466
    }
  },
  "details": {
    "DNSDialup": {
      "average": 0.000103143,
      "fastest": 0.000103143,
      "slowest": 0.000103143
    },
    "DNSLookup": {
      "average": 0.000011832,
      "fastest": 0.000011832,
      "slowest": 0.000011832
    },
    "firstByte": {
      "average": 0.0000906476767750263,
      "fastest": 0.000067206,
      "slowest": 0.001039957
    }
  },
  "statusCodeDistribution": {
    "200": 325671
  },
  "errorDistribution": {
    "aborted due to deadline": 1
  }
}