{
  "summary": {
    "successRate": 1.0,
    "total": 30.003815568,
    "slowest": 0.081289734,
    "fastest": 0.000013451,
    "average": 0.0004349407060395052,
    "requestsPerSec": 1145657.6221812617,
    "totalData": 82,
    "sizePerRequest": 0,
    "sizePerSec": 2.732985736902594
  },
  "responseTimeHistogram": {
    "0.000013451": 1,
    "0.0081410793": 34372847,
    "0.0162687076": 525,
    "0.0243963359": 0,
    "0.0325239642": 0,
    "0.0406515925": 45,
    "0.048779220799999995": 192,
    "0.0569068491": 0,
    "0.0650344774": 0,
    "0.0731621057": 0,
    "0.081289734": 11
  },
  "latencyPercentiles": {
    "p10": 0.000205814,
    "p25": 0.000278811,
    "p50": 0.00037865,
    "p75": 0.000522285,
    "p90": 0.000712509,
    "p95": 0.000863872,
    "p99": 0.001297233,
    "p99.9": 0.002922291,
    "p99.99": 0.006319271
  },
  "firstByteHistogram": {
    "0.000843353": 1,
    "0.0009198475000000001": 0,
    "0.000996342": 0,
    "0.0010728365": 0,
    "0.001149331": 0,
    "0.0012258255": 0,
    "0.00130232": 0,
    "0.0013788145": 0,
    "0.0014553090000000001": 0,
    "0.0015318035000000002": 0,
    "0.001608298": 1
  },
  "firstBytePercentiles": {
    "p10": 0.000843353,
    "p25": 0.000843353,
    "p50": 0.001608298,
    "p75": 0.001608298,
    "p90": 0.001608298,
    "p95": 0.001608298,
    "p99": 0.001608298,
    "p99.9": 0.001608298,
    "p99.99": 0.001608298
  },
  "rps": {
    "mean": 1145680.159218744,
    "stddev": 93800.428156164,
    "max": 1407190.7638040562,
    "min": 435617.03262607876,
    "percentiles": {
      "p10": 1045698.7358952061,
      "p25": 1107231.1131943217,
      "p50": 1158584.8084080198,
      "p75": 1202421.2828567042,
      "p90": 1239662.602961591,
      "p95": 1263861.2115343108,
      "p99": 1305151.9778526144,
      "p99.9": 1336503.0739571154,
      "p99.99": 1407190.7638040562
    }
  },
  "details": {
    "DNSDialup": {
      "average": 0.02214243016,
      "fastest": 0.000146777,
      "slowest": 0.080384734
    },
    "DNSLookup": {
      "average": 1.7149620000000001e-6,
      "fastest": 3.77e-7,
      "slowest": 0.00008682
    },
    "firstByte": {
      "average": 0.0012258255,
      "fastest": 0.000843353,
      "slowest": 0.001608298
    }
  },
  "statusCodeDistribution": {
    "200": 2,
    "429": 34373619
  },
  "errorDistribution": {
    "aborted due to deadline": 479
  }
}