{
  "summary": {
    "successRate": 1.0,
    "total": 30.003757834,
    "slowest": 0.015479287,
    "fastest": 0.000010191,
    "average": 0.0001706485042295866,
    "requestsPerSec": 581202.8645371582,
    "totalData": 123,
    "sizePerRequest": 0,
    "sizePerSec": 4.099486493675717
  },
  "responseTimeHistogram": {
    "0.000010191": 1,
    "0.0015571006": 17436566,
    "0.0031040102": 478,
    "0.004650919799999999": 486,
    "0.0061978293999999995": 130,
    "0.007744739": 175,
    "0.009291648599999999": 179,
    "0.010838558199999999": 136,
    "0.0123854678": 22,
    "0.0139323774": 6,
    "0.015479287": 1
  },
  "latencyPercentiles": {
    "p10": 0.000091004,
    "p25": 0.000123439,
    "p50": 0.000163125,
    "p75": 0.000209898,
    "p90": 0.0002577,
    "p95": 0.000288749,
    "p99": 0.000352934,
    "p99.9": 0.000449284,
    "p99.99": 0.001271982
  },
  "firstByteHistogram": {
    "0.000504887": 1,
    "0.0005102346": 0,
    "0.0005155822": 0,
    "0.0005209298": 0,
    "0.0005262773999999999": 0,
    "0.000531625": 0,
    "0.0005369726": 0,
    "0.0005423202": 1,
    "0.0005476678": 0,
    "0.0005530153999999999": 0,
    "0.000558363": 1
  },
  "firstBytePercentiles": {
    "p10": 0.000504887,
    "p25": 0.000504887,
    "p50": 0.000538891,
    "p75": 0.000558363,
    "p90": 0.000558363,
    "p95": 0.000558363,
    "p99": 0.000558363,
    "p99.9": 0.000558363,
    "p99.99": 0.000558363
  },
  "rps": {
    "mean": 581245.0598750522,
    "stddev": 23076.97320894509,
    "max": 643527.6758908433,
    "min": 370660.1952156216,
    "percentiles": {
      "p10": 555869.2065864756,
      "p25": 569342.4494808574,
      "p50": 583229.4530874474,
      "p75": 595675.2337820262,
      "p90": 606367.7113445585,
      "p95": 613165.7926894574,
      "p99": 623120.0860143399,
      "p99.9": 636517.4125465291,
      "p99.99": 643527.6758908433
    }
  },
  "details": {
    "DNSDialup": {
      "average": 0.00009073075000000002,
      "fastest": 0.000038526,
      "slowest": 0.000237431
    },
    "DNSLookup": {
      "average": 2.7278500000000013e-6,
      "fastest": 3.73e-7,
      "slowest": 0.000022713
    },
    "firstByte": {
      "average": 0.000534047,
      "fastest": 0.000504887,
      "slowest": 0.000558363
    }
  },
  "statusCodeDistribution": {
    "200": 3,
    "429": 17438177
  },
  "errorDistribution": {
    "aborted due to deadline": 90
  }
}