{
  "summary": {
    "successRate": 1.0,
    "total": 30.00269776,
    "slowest": 0.039990496,
    "fastest": 0.000011451,
    "average": 0.00024813173494177493,
    "requestsPerSec": 802044.6092045024,
    "totalData": 123,
    "sizePerRequest": 0,
    "sizePerSec": 4.099631339285271
  },
  "responseTimeHistogram": {
    "0.000011451": 1,
    "0.0040093555": 24061411,
    "0.00800726": 1874,
    "0.0120051645": 33,
    "0.016003068999999998": 0,
    "0.020000973499999998": 0,
    "0.023998877999999998": 0,
    "0.027996782499999998": 0,
    "0.031994687": 0,
    "0.0359925915": 0,
    "0.039990496": 6
  },
  "latencyPercentiles": {
    "p10": 0.00011971,
    "p25": 0.000158973,
    "p50": 0.000225453,
    "p75": 0.000313022,
    "p90": 0.000403448,
    "p95": 0.000465649,
    "p99": 0.00061948,
    "p99.9": 0.000935433,
    "p99.99": 0.003732368
  },
  "firstByteHistogram": {
    "0.000473628": 1,
    "0.0004836059": 0,
    "0.0004935838": 0,
    "0.0005035617": 0,
    "0.0005135396": 0,
    "0.0005235175": 0,
    "0.0005334954": 0,
    "0.0005434732999999999": 0,
    "0.0005534512": 0,
    "0.0005634291": 0,
    "0.000573407": 2
  },
  "firstBytePercentiles": {
    "p10": 0.000473628,
    "p25": 0.000473628,
    "p50": 0.000573275,
    "p75": 0.000573407,
    "p90": 0.000573407,
    "p95": 0.000573407,
    "p99": 0.000573407,
    "p99.9": 0.000573407,
    "p99.99": 0.000573407
  },
  "rps": {
    "mean": 802082.6927716772,
    "stddev": 40790.8447099405,
    "max": 932393.6581627779,
    "min": 485938.21299627196,
    "percentiles": {
      "p10": 757266.5637309604,
      "p25": 780398.2682181329,
      "p50": 804234.5820869795,
      "p75": 827803.9721791444,
      "p90": 848584.0098168562,
      "p95": 859843.0776378646,
      "p99": 883135.5613086009,
      "p99.9": 911654.243427457,
      "p99.99": 932393.6581627779
    }
  },
  "details": {
    "DNSDialup": {
      "average": 0.0013878546150000004,
      "fastest": 0.000061493,
      "slowest": 0.039772625
    },
    "DNSLookup": {
      "average": 2.2052800000000006e-6,
      "fastest": 3.76e-7,
      "slowest": 0.000032435
    },
    "firstByte": {
      "average": 0.0005401033333333334,
      "fastest": 0.000473628,
      "slowest": 0.000573407
    }
  },
  "statusCodeDistribution": {
    "200": 3,
    "429": 24063322
  },
  "errorDistribution": {
    "aborted due to deadline": 177
  }
}