{
  "summary": {
    "successRate": 1.0,
    "total": 30.002994439,
    "slowest": 0.061227487,
    "fastest": 0.000013333,
    "average": 0.0004367964819493562,
    "requestsPerSec": 1140952.7828829926,
    "totalData": 82,
    "sizePerRequest": 0,
    "sizePerSec": 2.7330605338982648
  },
  "responseTimeHistogram": {
    "0.000013333": 1,
    "0.0061347484": 34217569,
    "0.0122561638": 12263,
    "0.0183775792": 1303,
    "0.0244989946": 233,
    "0.03062041": 43,
    "0.0367418254": 124,
    "0.0428632408": 6,
    "0.0489846562": 0,
    "0.055106071599999994": 0,
    "0.061227487": 37
  },
  "latencyPercentiles": {
    "p10": 0.000203426,
    "p25": 0.000274693,
    "p50": 0.000373194,
    "p75": 0.000523749,
    "p90": 0.00072511,
    "p95": 0.000885732,
    "p99": 0.001329743,
    "p99.9": 0.002796351,
    "p99.99": 0.010734881
  },
  "firstByteHistogram": {
    "0.000728066": 1,
    "0.0008330474": 0,
    "0.0009380288": 0,
    "0.0010430102": 0,
    "0.0011479915999999999": 0,
    "0.001252973": 0,
    "0.0013579544": 0,
    "0.0014629358000000001": 0,
    "0.0015679172": 0,
    "0.0016728986000000001": 0,
    "0.00177788": 1
  },
  "firstBytePercentiles": {
    "p10": 0.000728066,
    "p25": 0.000728066,
    "p50": 0.00177788,
    "p75": 0.00177788,
    "p90": 0.00177788,
    "p95": 0.00177788,
    "p99": 0.00177788,
    "p99.9": 0.00177788,
    "p99.99": 0.00177788
  },
  "rps": {
    "mean": 1140973.4065952883,
    "stddev": 152436.09721690151,
    "max": 1410217.5342582737,
    "min": 168709.94265263694,
    "percentiles": {
      "p10": 882684.9142887434,
      "p25": 1111403.111928797,
      "p50": 1183676.1722874788,
      "p75": 1234704.568407088,
      "p90": 1274845.3323679396,
      "p95": 1294943.6396003824,
      "p99": 1336793.835105772,
      "p99.9": 1378042.3058988939,
      "p99.99": 1410217.5342582737
    }
  },
  "details": {
    "DNSDialup": {
      "average": 0.020078237933999998,
      "fastest": 0.000133838,
      "slowest": 0.059482717
    },
    "DNSLookup": {
      "average": 1.7312720000000012e-6,
      "fastest": 3.61e-7,
      "slowest": 0.000041775
    },
    "firstByte": {
      "average": 0.0012529729999999999,
      "fastest": 0.000728066,
      "slowest": 0.00177788
    }
  },
  "statusCodeDistribution": {
    "200": 2,
    "429": 34231577
  },
  "errorDistribution": {
    "aborted due to deadline": 421
  }
}