{
  "summary": {
    "successRate": 1.0,
    "total": 30.001803509,
    "slowest": 0.000730027,
    "fastest": 0.000013991,
    "average": 0.00007566757067191512,
    "requestsPerSec": 129136.90334775268,
    "totalData": 12374989,
    "sizePerRequest": 3,
    "sizePerSec": 412474.8365973308
  },
  "responseTimeHistogram": {
    "0.000013991": 1,
    "0.0000855946": 2639146,
    "0.0001571982": 1090649,
    "0.00022880180000000002": 126831,
    "0.0003004054": 16279,
    "0.00037200899999999997": 1227,
    "0.0004436126": 181,
    "0.0005152161999999999": 15,
    "0.0005868198": 3,
    "0.0006584234": 0,
    "0.000730027": 1
  },
  "latencyPercentiles": {
    "p10": 0.000036071,
    "p25": 0.000048993,
    "p50": 0.000068142,
    "p75": 0.000094051,
    "p90": 0.000120242,
    "p95": 0.000145144,
    "p99": 0.000205553,
    "p99.9": 0.000267865,
    "p99.99": 0.000351208
  },
  "firstByteHistogram": {
    "0.000050817": 1,
    "0.0001030252": 20887,
    "0.00015523339999999998": 142400,
    "0.00020744159999999998": 105763,
    "0.0002596498": 28341,
    "0.000311858": 3565,
    "0.0003640662": 664,
    "0.0004162744": 176,
    "0.0004684826": 27,
    "0.0005206908": 4,
    "0.000572899": 1
  },
  "firstBytePercentiles": {
    "p10": 0.000109113,
    "p25": 0.000128327,
    "p50": 0.000151319,
    "p75": 0.000179609,
    "p90": 0.000209969,
    "p95": 0.000229451,
    "p99": 0.000269505,
    "p99.9": 0.000352277,
    "p99.99": 0.000416766
  },
  "rps": {
    "mean": 129134.03760447251,
    "stddev": 29091.215037161117,
    "max": 156755.57991307523,
    "min": 53431.63152586204,
    "percentiles": {
      "p10": 63628.79202839441,
      "p25": 137024.32216754468,
      "p50": 140892.07296972355,
      "p75": 143709.41296653985,
      "p90": 146558.5648025276,
      "p95": 148548.2538418084,
      "p99": 151920.5092687513,
      "p99.9": 154637.6161610163,
      "p99.99": 156755.57991307523
    }
  },
  "details": {
    "DNSDialup": {
      "average": 0.00009328669999999998,
      "fastest": 0.00006246,
      "slowest": 0.000138333
    },
    "DNSLookup": {
      "average": 0.000012523199999999999,
      "fastest": 0.000010775,
      "slowest": 0.000016271
    },
    "firstByte": {
      "average": 0.000156292015515407,
      "fastest": 0.000050817,
      "slowest": 0.000572899
    }
  },
  "statusCodeDistribution": {
    "200": 301829,
    "429": 3572504
  },
  "errorDistribution": {
    "aborted due to deadline": 7
  }
}