{
  "summary": {
    "successRate": 1.0,
    "total": 30.001588878,
    "slowest": 0.001619454,
    "fastest": 0.000067002,
    "average": 0.00009038683483582417,
    "requestsPerSec": 10903.555852666132,
    "totalData": 13412043,
    "sizePerRequest": 41,
    "sizePerSec": 447044.4233650231
  },
  "responseTimeHistogram": {
    "0.000067002": 1,
    "0.0002222472": 326616,
    "0.0003774924": 483,
    "0.0005327376": 21,
    "0.0006879828": 1,
    "0.000843228": 0,
    "0.0009984732": 0,
    "0.0011537184": 0,
    "0.0013089636": 0,
    "0.0014642088": 0,
    "0.001619454": 1
  },
  "latencyPercentiles": {
    "p10": 0.000078896,
    "p25": 0.000081275,
    "p50": 0.000084864,
    "p75": 0.000091309,
    "p90": 0.000111013,
    "p95": 0.000125561,
    "p99": 0.000156135,
    "p99.9": 0.000244398,
    "p99.99": 0.000359173
  },
  "firstByteHistogram": {
    "0.000066856": 1,
    "0.0002220942": 326618,
    "0.00037733240000000005": 481,
    "0.0005325706000000001": 21,
    "0.0006878088000000001": 1,
    "0.0008430470000000001": 0,
    "0.0009982852": 0,
    "0.0011535234": 0,
    "0.0013087616": 0,
    "0.0014639998000000002": 0,
    "0.001619238": 1
  },
  "firstBytePercentiles": {
    "p10": 0.000078743,
    "p25": 0.000081117,
    "p50": 0.000084697,
    "p75": 0.000091124,
    "p90": 0.000110779,
    "p95": 0.000125277,
    "p99": 0.000155786,
    "p99.9": 0.000244013,
    "p99.99": 0.000358804
  },
  "rps": {
    "mean": 10905.37335956634,
    "stddev": 598.3963539206075,
    "max": 12269.025537674164,
    "min": 64.57152723672026,
    "percentiles": {
      "p10": 10274.963047908372,
      "p25": 10598.250016957487,
      "p50": 10961.051963331547,
      "p75": 11253.2085459679,
      "p90": 11551.26451190441,
      "p95": 11712.481992057914,
      "p99": 11937.67650080672,
      "p99.9": 12161.010573948282,
      "p99.99": 12269.025537674164
    }
  },
  "details": {
    "DNSDialup": {
      "average": 0.00012396,
      "fastest": 0.00012396,
      "slowest": 0.00012396
    },
    "DNSLookup": {
      "average": 0.000011744,
      "fastest": 0.000011744,
      "slowest": 0.000011744
    },
    "firstByte": {
      "average": 0.00009020483599746641,
      "fastest": 0.000066856,
      "slowest": 0.001619238
    }
  },
  "statusCodeDistribution": {
    "200": 327123
  },
  "errorDistribution": {
    "aborted due to deadline": 1
  }
}