{
  "summary": {
    "successRate": 1.0,
    "total": 30.006046398,
    "slowest": 0.021859817,
    "fastest": 9.114e-6,
    "average": 0.00011102503985440705,
    "requestsPerSec": 444105.2254351047,
    "totalData": 123,
    "sizePerRequest": 0,
    "sizePerSec": 4.099173825452671
  },
  "responseTimeHistogram": {
    "0.000009114": 1,
    "0.0021941843": 13325367,
    "0.0043792546": 195,
    "0.006564324900000001": 51,
    "0.0087493952": 76,
    "0.010934465499999999": 12,
    "0.0131195358": 23,
    "0.0153046061": 40,
    "0.0174896764": 7,
    "0.019674746700000002": 11,
    "0.021859817": 22
  },
  "latencyPercentiles": {
    "p10": 0.00006192,
    "p25": 0.000082911,
    "p50": 0.000106402,
    "p75": 0.000134731,
    "p90": 0.000164161,
    "p95": 0.000183454,
    "p99": 0.000224302,
    "p99.9": 0.000293794,
    "p99.99": 0.000438257
  },
  "firstByteHistogram": {
    "0.00029769": 1,
    "0.00030428849999999995": 0,
    "0.000310887": 0,
    "0.0003174855": 0,
    "0.000324084": 0,
    "0.00033068249999999996": 1,
    "0.000337281": 0,
    "0.0003438795": 0,
    "0.000350478": 0,
    "0.00035707649999999996": 0,
    "0.000363675": 1
  },
  "firstBytePercentiles": {
    "p10": 0.00029769,
    "p25": 0.00029769,
    "p50": 0.000325864,
    "p75": 0.000363675,
    "p90": 0.000363675,
    "p95": 0.000363675,
    "p99": 0.000363675,
    "p99.9": 0.000363675,
    "p99.99": 0.000363675
  },
  "rps": {
    "mean": 444177.10577753035,
    "stddev": 15832.297196177895,
    "max": 489350.89249278116,
    "min": 252083.18745180668,
    "percentiles": {
      "p10": 427683.1690262136,
      "p25": 436900.9611821161,
      "p50": 445756.4773456904,
      "p75": 454008.7623691226,
      "p90": 460840.60246775,
      "p95": 464890.09570049634,
      "p99": 470817.7986131846,
      "p99.9": 479405.2255169749,
      "p99.99": 489350.89249278116
    }
  },
  "details": {
    "DNSDialup": {
      "average": 0.00008658761999999999,
      "fastest": 0.000030684,
      "slowest": 0.000256878
    },
    "DNSLookup": {
      "average": 4.8383e-6,
      "fastest": 4.41e-7,
      "slowest": 0.000023915
    },
    "firstByte": {
      "average": 0.0003290763333333333,
      "fastest": 0.00029769,
      "slowest": 0.000363675
    }
  },
  "statusCodeDistribution": {
    "200": 3,
    "429": 13325802
  },
  "errorDistribution": {
    "aborted due to deadline": 37
  }
}